division,district,upazila,union,A2IReference,facilityBengaliName,facilityEnglishName,givenNamesBengali,givenNamesEnglish,familyNameBengali,familyNameEnglish,gender,role,mobile,email
Dhaka,Gazipur,Kaliganj,Moktarpur,division=3&district=20&upazila=165&union=3476,মোক্তারপুর ইউনিয়ন পরিষদ,Moktarpur Union Parishad,,Shakib,,Al Hasan,male,FIELD_AGENT,01711111111,test@test.org
Dhaka,Narsingdi,Narsingdi Sadar,Amdia,division=3&district=29&upazila=229&union=4144,আমদিয়া ইউনিয়ন পরিষদ,Amdia Union Parishad,,Rabindranath,,Tagore,male,REGISTRATION_AGENT,01722222222,test@test.org
Dhaka,Gazipur,Kaliganj,Moktarpur,division=3&district=20&upazila=165&union=3476,মোক্তারপুর ইউনিয়ন পরিষদ,Moktarpur Union Parishad,,Mohammad,,Ashraful,male,LOCAL_REGISTRAR,01733333333,test@test.org
Dhaka,Gazipur,,,division=3&district=20,,,,Muhammad Abdul Muid,,Khan,male,DISTRICT_REGISTRAR,01744444444,test@test.org
Dhaka,,,,division=3,,,,Nasreen Pervin,,Huq,female,STATE_REGISTRAR,01755555555,test@test.org
Dhaka,,,,division=3,,,,Mohamed ,,Abu Abdullah,male,NATIONAL_REGISTRAR,01766666666,test@test.org
Dhaka,Gazipur,Kaliganj,Moktarpur,division=3&district=20&upazila=165&union=3476,মোক্তারপুর ইউনিয়ন পরিষদ,Moktarpur Union Parishad,,Sahriar,,Nafis,male,LOCAL_SYSTEM_ADMIN,01721111111,test@test.org

